Device ID,Date,Time,Voltage,Min Voltage,Max Voltage,Current,Min Current,Max Current,Power,Relay,Charger,Alarm,Fault Start,Start Voltage,Fault,Fault Resolve,Resolve Voltage,Fault Duration,Status
TVS001,15-08-2026,03:01:59,0.0,0.0,257.3,5.2,5.2,5.2,0.0,OFF,OFF,LOW VOLTAGE,,,,,,,
TVS001,10-08-2026,02:35:54,,,,,,,,ON,,LOW VOLTAGE,02:35:54,60.1,LOW VOLTAGE,02:36:25,191.7,0 min 31 sec,RESOLVED
TVS001,10-08-2026,02:36:28,,,,,,,,ON,,LOW VOLTAGE,02:36:28,169.0,LOW VOLTAGE,02:36:56,186.7,0 min 28 sec,RESOLVED
TVS001,10-08-2026,02:37:51,,,,,,,,ON,,LOW VOLTAGE,02:37:51,164.1,LOW VOLTAGE,02:39:56,195.5,2 min 5 sec,RESOLVED
TVS001,10-08-2026,02:40:10,,,,,,,,ON,,HIGH VOLTAGE,02:40:10,255.0,HIGH VOLTAGE,02:40:17,249.6,0 min 7 sec,RESOLVED
TVS001,10-08-2026,02:40:19,,,,,,,,ON,,HIGH VOLTAGE,02:40:19,255.1,HIGH VOLTAGE,02:40:29,249.2,0 min 10 sec,RESOLVED
TVS001,10-08-2026,02:40:37,,,,,,,,ON,,LOW VOLTAGE,02:40:37,174.9,LOW VOLTAGE,02:40:46,182.2,0 min 9 sec,RESOLVED
TVS001,10-08-2026,02:40:53,,,,,,,,ON,,LOW VOLTAGE,02:40:53,147.1,LOW VOLTAGE,02:41:57,191.1,1 min 4 sec,RESOLVED
TVS001,10-08-2026,02:42:21,,,,,,,,ON,,HIGH VOLTAGE,02:42:21,252.5,HIGH VOLTAGE,02:42:24,247.8,0 min 3 sec,RESOLVED
TVS001,11-08-2026,23:13:14,,,,,,,,ON,,LOW VOLTAGE,23:13:14,37.3,LOW VOLTAGE,23:44:38,189.6,31 min 24 sec,RESOLVED
TVS001,11-08-2026,23:51:49,,,,,,,,ON,,LOW VOLTAGE,23:51:49,0.0,LOW VOLTAGE,23:53:40,185.1,1 min 51 sec,RESOLVED
TVS001,11-08-2026,23:54:06,,,,,,,,ON,,HIGH VOLTAGE,23:54:06,250.6,HIGH VOLTAGE,23:54:12,248.8,0 min 6 sec,RESOLVED
TVS001,11-08-2026,23:54:17,,,,,,,,ON,,HIGH VOLTAGE,23:54:17,250.3,HIGH VOLTAGE,23:54:30,249.8,0 min 13 sec,RESOLVED
TVS001,11-08-2026,23:54:32,,,,,,,,ON,,HIGH VOLTAGE,23:54:32,252.3,HIGH VOLTAGE,23:58:07,249.7,3 min 35 sec,RESOLVED
TVS001,11-08-2026,23:58:14,,,,,,,,ON,,HIGH VOLTAGE,23:58:14,251.1,HIGH VOLTAGE,23:58:31,249.7,0 min 17 sec,RESOLVED
TVS001,11-08-2026,23:58:35,,,,,,,,ON,,HIGH VOLTAGE,23:58:35,251.6,HIGH VOLTAGE,23:58:40,249.8,0 min 5 sec,RESOLVED
TVS001,11-08-2026,23:58:50,,,,,,,,ON,,HIGH VOLTAGE,23:58:50,252.0,HIGH VOLTAGE,23:58:53,248.9,0 min 3 sec,RESOLVED
TVS001,11-08-2026,23:58:57,,,,,,,,ON,,HIGH VOLTAGE,23:58:57,252.2,HIGH VOLTAGE,23:59:56,249.9,0 min 59 sec,RESOLVED
TVS001,12-08-2026,00:00:01,,,,,,,,ON,,HIGH VOLTAGE,00:00:01,251.9,HIGH VOLTAGE,00:00:10,249.8,0 min 9 sec,RESOLVED
TVS001,12-08-2026,00:00:13,,,,,,,,ON,,HIGH VOLTAGE,00:00:13,251.8,HIGH VOLTAGE,00:01:09,250.0,0 min 56 sec,RESOLVED
TVS001,12-08-2026,00:01:12,,,,,,,,ON,,HIGH VOLTAGE,00:01:12,251.6,HIGH VOLTAGE,00:02:46,250.0,1 min 34 sec,RESOLVED
TVS001,12-08-2026,00:02:48,,,,,,,,ON,,HIGH VOLTAGE,00:02:48,250.2,HIGH VOLTAGE,00:02:50,249.6,0 min 2 sec,RESOLVED
TVS001,12-08-2026,00:02:52,,,,,,,,ON,,HIGH VOLTAGE,00:02:52,250.2,HIGH VOLTAGE,00:03:38,250.0,0 min 46 sec,RESOLVED
TVS001,12-08-2026,00:03:41,,,,,,,,OFF,,HIGH VOLTAGE,00:03:41,251.8,HIGH VOLTAGE,,,,ACTIVE
TVS001,13-08-2026,23:47:53,,,,,,,,OFF,,LOW VOLTAGE,23:47:53,0.0,LOW VOLTAGE,,,,ACTIVE
TVS001,14-08-2026,00:10:33,,,,,,,,OFF,,LOW VOLTAGE,00:10:33,0.0,LOW VOLTAGE,,,,ACTIVE
TVS001,14-08-2026,00:18:39,,,,,,,,OFF,,LOW VOLTAGE,00:18:39,0.0,LOW VOLTAGE,,,,ACTIVE
TVS001,14-08-2026,23:19:24,,,,,,,,ON,,LOW VOLTAGE,23:19:24,0.0,LOW VOLTAGE,23:23:48,188.8,4 min 24 sec,RESOLVED
TVS001,14-08-2026,23:24:03,,,,,,,,ON,,LOW VOLTAGE,23:24:03,0.0,LOW VOLTAGE,23:24:26,181.1,0 min 23 sec,RESOLVED
TVS001,14-08-2026,23:24:35,,,,,,,,OFF,,LOW VOLTAGE,23:24:35,0.0,LOW VOLTAGE,,,,ACTIVE
TVS001,14-08-2026,23:54:31,,,,,,,,OFF,,LOW VOLTAGE,23:54:31,0.0,LOW VOLTAGE,,,,ACTIVE
TVS001,15-08-2026,00:00:22,,,,,,,,OFF,,LOW VOLTAGE,00:00:22,0.0,LOW VOLTAGE,,,,ACTIVE
TVS001,15-08-2026,01:22:31,,,,,,,,ON,,LOW VOLTAGE,01:22:31,14.7,LOW VOLTAGE,01:22:57,186.7,0 min 26 sec,RESOLVED
TVS001,15-08-2026,01:23:36,,,,,,,,ON,,HIGH VOLTAGE,01:23:36,250.7,HIGH VOLTAGE,01:23:37,249.1,0 min 1 sec,RESOLVED
TVS001,15-08-2026,01:23:40,,,,,,,,ON,,HIGH VOLTAGE,01:23:40,250.4,HIGH VOLTAGE,01:23:42,248.8,0 min 2 sec,RESOLVED
TVS001,15-08-2026,01:23:45,,,,,,,,ON,,HIGH VOLTAGE,01:23:45,251.6,HIGH VOLTAGE,01:23:47,249.9,0 min 2 sec,RESOLVED
TVS001,15-08-2026,01:23:49,,,,,,,,ON,,HIGH VOLTAGE,01:23:49,252.6,HIGH VOLTAGE,01:24:07,249.2,0 min 18 sec,RESOLVED
TVS001,15-08-2026,01:24:30,,,,,,,,ON,,HIGH VOLTAGE,01:24:30,251.8,HIGH VOLTAGE,01:25:03,249.1,0 min 33 sec,RESOLVED
TVS001,15-08-2026,01:25:05,,,,,,,,ON,,HIGH VOLTAGE,01:25:05,250.9,HIGH VOLTAGE,01:25:06,249.7,0 min 1 sec,RESOLVED
TVS001,15-08-2026,01:25:09,,,,,,,,ON,,HIGH VOLTAGE,01:25:09,252.0,HIGH VOLTAGE,01:25:45,248.7,0 min 36 sec,RESOLVED
TVS001,15-08-2026,01:26:20,,,,,,,,ON,,HIGH VOLTAGE,01:26:20,250.2,HIGH VOLTAGE,01:26:22,249.5,0 min 2 sec,RESOLVED
TVS001,15-08-2026,01:26:26,,,,,,,,ON,,HIGH VOLTAGE,01:26:26,250.6,HIGH VOLTAGE,02:43:31,188.2,1 hr 17 min 5 sec,RESOLVED
TVS001,15-08-2026,02:44:08,,,,,,,,ON,,HIGH VOLTAGE,02:44:08,251.0,HIGH VOLTAGE,02:44:20,249.9,0 min 12 sec,RESOLVED
TVS001,15-08-2026,02:44:26,,,,,,,,ON,,HIGH VOLTAGE,02:44:26,251.3,HIGH VOLTAGE,02:44:46,249.5,0 min 20 sec,RESOLVED
TVS001,15-08-2026,02:44:50,,,,,,,,ON,,HIGH VOLTAGE,02:44:50,252.3,HIGH VOLTAGE,02:44:56,249.9,0 min 6 sec,RESOLVED
TVS001,15-08-2026,02:45:02,,,,,,,,ON,,HIGH VOLTAGE,02:45:02,251.7,HIGH VOLTAGE,02:45:20,249.2,0 min 18 sec,RESOLVED
TVS001,15-08-2026,02:45:28,,,,,,,,ON,,HIGH VOLTAGE,02:45:28,250.6,HIGH VOLTAGE,02:45:31,250.0,0 min 3 sec,RESOLVED
TVS001,15-08-2026,02:45:33,,,,,,,,ON,,HIGH VOLTAGE,02:45:33,250.2,HIGH VOLTAGE,02:45:35,249.4,0 min 2 sec,RESOLVED
TVS001,15-08-2026,02:45:38,,,,,,,,ON,,HIGH VOLTAGE,02:45:38,252.2,HIGH VOLTAGE,02:45:56,249.7,0 min 18 sec,RESOLVED
TVS001,15-08-2026,02:45:58,,,,,,,,ON,,HIGH VOLTAGE,02:45:58,251.7,HIGH VOLTAGE,02:46:02,249.5,0 min 4 sec,RESOLVED
TVS001,15-08-2026,02:46:04,,,,,,,,ON,,HIGH VOLTAGE,02:46:04,251.4,HIGH VOLTAGE,02:46:16,249.8,0 min 12 sec,RESOLVED
TVS001,15-08-2026,02:46:18,,,,,,,,ON,,HIGH VOLTAGE,02:46:18,250.1,HIGH VOLTAGE,02:46:20,249.4,0 min 2 sec,RESOLVED
TVS001,15-08-2026,02:46:37,,,,,,,,ON,,HIGH VOLTAGE,02:46:37,250.7,HIGH VOLTAGE,02:46:39,249.1,0 min 2 sec,RESOLVED
TVS001,15-08-2026,02:46:41,,,,,,,,ON,,HIGH VOLTAGE,02:46:41,250.4,HIGH VOLTAGE,02:46:42,249.0,0 min 1 sec,RESOLVED
TVS001,15-08-2026,02:46:46,,,,,,,,ON,,HIGH VOLTAGE,02:46:46,251.4,HIGH VOLTAGE,02:46:47,249.6,0 min 1 sec,RESOLVED
TVS001,15-08-2026,02:46:54,,,,,,,,ON,,HIGH VOLTAGE,02:46:54,251.9,HIGH VOLTAGE,02:46:56,248.8,0 min 2 sec,RESOLVED
TVS001,15-08-2026,02:46:58,,,,,,,,ON,,HIGH VOLTAGE,02:46:58,251.3,HIGH VOLTAGE,02:47:12,249.4,0 min 14 sec,RESOLVED
TVS001,15-08-2026,02:47:30,,,,,,,,ON,,HIGH VOLTAGE,02:47:30,251.3,HIGH VOLTAGE,02:47:33,249.0,0 min 3 sec,RESOLVED
TVS001,15-08-2026,02:47:35,,,,,,,,ON,,HIGH VOLTAGE,02:47:35,253.2,HIGH VOLTAGE,02:47:41,249.8,0 min 6 sec,RESOLVED
TVS001,15-08-2026,02:47:47,,,,,,,,ON,,HIGH VOLTAGE,02:47:47,251.7,HIGH VOLTAGE,02:47:49,249.8,0 min 2 sec,RESOLVED
TVS001,15-08-2026,02:47:51,,,,,,,,ON,,HIGH VOLTAGE,02:47:51,251.9,HIGH VOLTAGE,02:47:54,249.5,0 min 3 sec,RESOLVED
TVS001,15-08-2026,02:48:09,,,,,,,,ON,,HIGH VOLTAGE,02:48:09,250.9,HIGH VOLTAGE,02:48:10,249.2,0 min 1 sec,RESOLVED
TVS001,15-08-2026,02:48:16,,,,,,,,ON,,HIGH VOLTAGE,02:48:16,250.3,HIGH VOLTAGE,02:48:18,248.7,0 min 2 sec,RESOLVED
TVS001,15-08-2026,02:48:21,,,,,,,,ON,,HIGH VOLTAGE,02:48:21,252.4,HIGH VOLTAGE,02:48:37,249.2,0 min 16 sec,RESOLVED
TVS001,15-08-2026,02:48:41,,,,,,,,ON,,HIGH VOLTAGE,02:48:41,251.8,HIGH VOLTAGE,02:48:49,249.5,0 min 8 sec,RESOLVED
TVS001,15-08-2026,02:49:17,,,,,,,,ON,,HIGH VOLTAGE,02:49:17,252.6,HIGH VOLTAGE,02:49:27,249.8,0 min 10 sec,RESOLVED
TVS001,15-08-2026,02:49:39,,,,,,,,ON,,HIGH VOLTAGE,02:49:39,251.3,HIGH VOLTAGE,02:49:51,250.0,0 min 12 sec,RESOLVED
TVS001,15-08-2026,02:50:11,,,,,,,,ON,,HIGH VOLTAGE,02:50:11,250.8,HIGH VOLTAGE,02:50:15,248.9,0 min 4 sec,RESOLVED
TVS001,15-08-2026,02:50:31,,,,,,,,ON,,HIGH VOLTAGE,02:50:31,251.7,HIGH VOLTAGE,02:50:39,250.0,0 min 8 sec,RESOLVED
TVS001,15-08-2026,02:50:41,,,,,,,,OFF,,HIGH VOLTAGE,02:50:41,250.6,HIGH VOLTAGE,,,,ACTIVE
